{
    "providers": [
        {
            "type": "bitmap",
            "file": "minecraft:particle/shadow_bubble_1.png",
            "ascent": -2,
            "height": 9,
            "chars": [
                    "1"
                ]
        },
        {
            "type": "bitmap",
            "file": "minecraft:particle/shadow_bubble_2.png",
            "ascent": -2,
            "height": 9,
            "chars": [
                    "2"
                ]
        },
        {
            "type": "bitmap",
            "file": "minecraft:particle/shadow_bubble_3.png",
            "ascent": -2,
            "height": 9,
            "chars": [
                    "3"
                ]
        },
        {
            "type": "bitmap",
            "file": "minecraft:particle/shadow_bubble_4.png",
            "ascent": -2,
            "height": 9,
            "chars": [
                    "4"
                ]
        },
        {
            "type": "bitmap",
            "file": "minecraft:particle/shadow_bubble_5.png",
            "ascent": -2,
            "height": 9,
            "chars": [
                    "5"
                ]
        },
        {
            "type": "bitmap",
            "file": "minecraft:particle/shadow_bubble_6.png",
            "ascent": -2,
            "height": 9,
            "chars": [
                    "6"
                ]
        }
    ]
}